lead_id,business_name,yelp_id,city,state,category,address,phone,website,yelp_rating,review_count,price_tier,is_claimed,hours_available,latitude,longitude,source,sourced_at
37ea235540,HeadQuarter Salon,TotRsMNqKOdxdJap4DWSkQ,Chicago,IL,hair,"2145A S China Pl, Chicago, IL, 60616",+13128421353,https://www.yelp.com/biz/headquarter-salon-chicago?adjust_creative=5d0WN3-0MJTogXUsavz_Qg&utm_campaign=yelp_api_v3&utm_medium=api_v3_business_search&utm_source=5d0WN3-0MJTogXUsavz_Qg,4.2,670,2,False,no,41.8539878069544,-87.6341105937958,yelp_fusion,2026-05-08T22:32:12.994527
fc448ace87,Twisted Scissors,8VQCLmth4y9l4v9CJDzH0g,Chicago,IL,hair,"3049 N Milwaukee Ave, Chicago, IL, 60618",+17732271077,https://www.yelp.com/biz/twisted-scissors-chicago?adjust_creative=5d0WN3-0MJTogXUsavz_Qg&utm_campaign=yelp_api_v3&utm_medium=api_v3_business_search&utm_source=5d0WN3-0MJTogXUsavz_Qg,4.2,634,2,False,no,41.93665329606754,-87.71955930644576,yelp_fusion,2026-05-08T22:32:12.994586
ac1d75d081,Art + Science,QlcR3dRwm6m_I3Kh0Yj8ZA,Chicago,IL,hair,"1554 N Milwaukee Ave, Chicago, IL, 60622",+17732274247,https://www.yelp.com/biz/art-science-chicago-2?adjust_creative=5d0WN3-0MJTogXUsavz_Qg&utm_campaign=yelp_api_v3&utm_medium=api_v3_business_search&utm_source=5d0WN3-0MJTogXUsavz_Qg,4.4,461,2,False,no,41.90961,-87.67653,yelp_fusion,2026-05-08T22:32:12.994600
3bf5b266f1,Barbara&Barbara,Yk8ij9nL3lBzGbSS8fJVXA,Chicago,IL,hair,"2925 W Diversey Ave, Chicago, IL, 60647",+17733846244,https://www.yelp.com/biz/barbara-and-barbara-chicago?adjust_creative=5d0WN3-0MJTogXUsavz_Qg&utm_campaign=yelp_api_v3&utm_medium=api_v3_business_search&utm_source=5d0WN3-0MJTogXUsavz_Qg,4.3,420,2,False,no,41.9319271,-87.7011477,yelp_fusion,2026-05-08T22:32:12.994612
4913a65f38,Epoch Studio Salon - Chicago,ZrH004S6Zj7ve07R3YSVBw,Chicago,IL,hair,"1849 W N Ave, Chicago, IL, 60622",+13122241700,https://www.yelp.com/biz/epoch-studio-salon-chicago-3?adjust_creative=5d0WN3-0MJTogXUsavz_Qg&utm_campaign=yelp_api_v3&utm_medium=api_v3_business_search&utm_source=5d0WN3-0MJTogXUsavz_Qg,4.8,388,2,False,no,41.9103673,-87.6745286,yelp_fusion,2026-05-08T22:32:12.994624
1c4c2c7c84,Fringe,3hQF4G6tqjU1i_LIPZF1MA,Chicago,IL,hair,"1656 W Cortland St, Chicago, IL, 60622",+17738621000,https://www.yelp.com/biz/fringe-chicago?adjust_creative=5d0WN3-0MJTogXUsavz_Qg&utm_campaign=yelp_api_v3&utm_medium=api_v3_business_search&utm_source=5d0WN3-0MJTogXUsavz_Qg,4.3,371,2,False,no,41.916433025826414,-87.66998883291625,yelp_fusion,2026-05-08T22:32:12.994636
9be9d14a01,Edit Salon,F5w5miIWXpEmKMCO2japPA,Chicago,IL,hair,"1369 W Chicago Ave, Chicago, IL, 60642",+13127330123,https://www.yelp.com/biz/edit-salon-chicago?adjust_creative=5d0WN3-0MJTogXUsavz_Qg&utm_campaign=yelp_api_v3&utm_medium=api_v3_business_search&utm_source=5d0WN3-0MJTogXUsavz_Qg,4.7,366,3,False,no,41.89591,-87.66202,yelp_fusion,2026-05-08T22:32:12.994648
2d802bfc2f,Marin Hair Co,sV-c-uKFkn5kL4pLA0hfUw,Chicago,IL,hair,"2500 N Calfornia Ave, Chicago, IL, 60647",+17736879990,https://www.yelp.com/biz/marin-hair-co-chicago-9?adjust_creative=5d0WN3-0MJTogXUsavz_Qg&utm_campaign=yelp_api_v3&utm_medium=api_v3_business_search&utm_source=5d0WN3-0MJTogXUsavz_Qg,4.5,332,2,False,no,41.9267891,-87.6976469303653,yelp_fusion,2026-05-08T22:32:12.994660
b77f2e120a,Salon Glow Chicago,ND3V0EcVaVg0lWk47G5glA,Chicago,IL,hair,"2766 N Lincoln Ave, Chicago, IL, 60614",+17733277200,https://www.yelp.com/biz/salon-glow-chicago-chicago-3?adjust_creative=5d0WN3-0MJTogXUsavz_Qg&utm_campaign=yelp_api_v3&utm_medium=api_v3_business_search&utm_source=5d0WN3-0MJTogXUsavz_Qg,4.7,318,2,False,no,41.9320752,-87.6582111,yelp_fusion,2026-05-08T22:32:12.994677
d640ad3270,Glowout,0cPS8RVzRDYKYPhZCFFi7A,Chicago,IL,hair,"216 S Jefferson St, Chicago, IL, 60661",+13126050905,https://www.yelp.com/biz/glowout-chicago-3?adjust_creative=5d0WN3-0MJTogXUsavz_Qg&utm_campaign=yelp_api_v3&utm_medium=api_v3_business_search&utm_source=5d0WN3-0MJTogXUsavz_Qg,4.8,287,2,False,no,41.87868736693982,-87.64297047143675,yelp_fusion,2026-05-08T22:32:12.994689
efb83f9ca3,Mojo Spa,G-NGmYjN6VHidgDvunHamQ,Chicago,IL,skincare,"1468 N Milwaukee Ave, Chicago, IL, 60622",+17732356656,https://www.yelp.com/biz/mojo-spa-chicago?adjust_creative=5d0WN3-0MJTogXUsavz_Qg&utm_campaign=yelp_api_v3&utm_medium=api_v3_business_search&utm_source=5d0WN3-0MJTogXUsavz_Qg,4.3,457,2,False,no,41.9084114,-87.6746552,yelp_fusion,2026-05-08T22:32:13.866341
bab2bd60f1,Enfuse Medical Spa,BTuZlJOwxrRBq2vP3ulzNA,Chicago,IL,skincare,"1645 W North Ave, Chicago, IL, 60622",+17739048310,https://www.yelp.com/biz/enfuse-medical-spa-chicago-2?adjust_creative=5d0WN3-0MJTogXUsavz_Qg&utm_campaign=yelp_api_v3&utm_medium=api_v3_business_search&utm_source=5d0WN3-0MJTogXUsavz_Qg,4.3,272,2,False,no,41.9104365,-87.66942826994057,yelp_fusion,2026-05-08T22:32:13.866380
d79672ffcb,Luminere Esthetics & Wellness,uvPCqh9UXeDshWwgxuBZkw,Chicago,IL,skincare,"3248 N Sheffield Ave, Chicago, IL, 60657",+12244202784,https://www.yelp.com/biz/luminere-esthetics-and-wellness-chicago-4?adjust_creative=5d0WN3-0MJTogXUsavz_Qg&utm_campaign=yelp_api_v3&utm_medium=api_v3_business_search&utm_source=5d0WN3-0MJTogXUsavz_Qg,4.2,231,2,False,no,41.94135,-87.65446,yelp_fusion,2026-05-08T22:32:13.866393
fac3b6204f,SpaDerma,dJHGAHb5lUFPpy9gL8LSgQ,Chicago,IL,skincare,"1048 W Madison St, Chicago, IL, 60607",+17737708855,https://www.yelp.com/biz/spaderma-chicago-9?adjust_creative=5d0WN3-0MJTogXUsavz_Qg&utm_campaign=yelp_api_v3&utm_medium=api_v3_business_search&utm_source=5d0WN3-0MJTogXUsavz_Qg,4.4,165,2,False,no,41.88190766534336,-87.65408122325262,yelp_fusion,2026-05-08T22:32:13.866405
4e14846e9e,Absolute Precision Skin Care,kQuHEIf-10p3gAnomUI9vA,Chicago,IL,skincare,"1421 W Belmont Ave, Chicago, IL, 60657",+17732480700,https://www.yelp.com/biz/absolute-precision-skin-care-chicago?adjust_creative=5d0WN3-0MJTogXUsavz_Qg&utm_campaign=yelp_api_v3&utm_medium=api_v3_business_search&utm_source=5d0WN3-0MJTogXUsavz_Qg,4.7,161,2,False,no,41.93949,-87.6647,yelp_fusion,2026-05-08T22:32:13.866421
8628999ab0,Leah Chavie Skincare Boutique,F_Rwr6zqcLYVKG1gLsTnYw,Chicago,IL,skincare,"2457 N Halsted, Chicago, IL, 60614",+17733277051,https://www.yelp.com/biz/leah-chavie-skincare-boutique-chicago?adjust_creative=5d0WN3-0MJTogXUsavz_Qg&utm_campaign=yelp_api_v3&utm_medium=api_v3_business_search&utm_source=5d0WN3-0MJTogXUsavz_Qg,4.1,153,2,False,no,41.92711,-87.64859,yelp_fusion,2026-05-08T22:32:13.866434
4dcbea0f38,SkinQ Facials & Waxing - Andersonville,BgaEYq9IYx0t_dUiNYADSg,Chicago,IL,skincare,"1509 W Berwyn Ave, Chicago, IL, 60640",+13122193084,https://www.yelp.com/biz/skinq-facials-and-waxing-andersonville-chicago?adjust_creative=5d0WN3-0MJTogXUsavz_Qg&utm_campaign=yelp_api_v3&utm_medium=api_v3_business_search&utm_source=5d0WN3-0MJTogXUsavz_Qg,5.0,134,,False,no,41.97783,-87.668745,yelp_fusion,2026-05-08T22:32:13.866445
6745b3cbeb,Authentic Skin,b2RJ9-om-B5hetOvthsJVg,Chicago,IL,skincare,"824 W Superior St, Chicago, IL, 60642",+17734059910,https://www.yelp.com/biz/authentic-skin-chicago-3?adjust_creative=5d0WN3-0MJTogXUsavz_Qg&utm_campaign=yelp_api_v3&utm_medium=api_v3_business_search&utm_source=5d0WN3-0MJTogXUsavz_Qg,4.9,130,2,False,no,41.895763,-87.648551,yelp_fusion,2026-05-08T22:32:13.866457
1cb55636a7,Facial Studio Magdalena,ojLxD1G5Z-HdyBzTSBf3Rw,Chicago,IL,skincare,"770 N La Salle Dr, Chicago, IL, 60654",+17735015440,https://www.yelp.com/biz/facial-studio-magdalena-chicago-3?adjust_creative=5d0WN3-0MJTogXUsavz_Qg&utm_campaign=yelp_api_v3&utm_medium=api_v3_business_search&utm_source=5d0WN3-0MJTogXUsavz_Qg,4.8,126,2,False,no,41.896375823431086,-87.6330612,yelp_fusion,2026-05-08T22:32:13.866468
0067524e47,New Age Spa Institute,DkWBMHZn1o55upuNJKpkqQ,Chicago,IL,skincare,"1870 Busse Hwy, Des Plaines, IL, 60016",+18477590900,https://www.yelp.com/biz/new-age-spa-institute-des-plaines-2?adjust_creative=5d0WN3-0MJTogXUsavz_Qg&utm_campaign=yelp_api_v3&utm_medium=api_v3_business_search&utm_source=5d0WN3-0MJTogXUsavz_Qg,4.8,126,2,False,no,42.037299,-87.877549,yelp_fusion,2026-05-08T22:32:13.866480
871b79949f,King Spa & Sauna,CvSbT2QlMSXLDBxR8XKHEg,Chicago,IL,massage,"809 Civic Ctr Dr, Niles, IL, 60714",+18479722540,https://www.yelp.com/biz/king-spa-and-sauna-niles-2?adjust_creative=5d0WN3-0MJTogXUsavz_Qg&utm_campaign=yelp_api_v3&utm_medium=api_v3_business_search&utm_source=5d0WN3-0MJTogXUsavz_Qg,3.8,1397,3,False,no,42.0233151,-87.8016999,yelp_fusion,2026-05-08T22:32:15.038257
a298c86587,AIRE Ancient Baths - Chicago,flVSlUiXvS_bs1qcqqoL6A,Chicago,IL,massage,"800 W Superior St, Chicago, IL, 60642",+13128887099,https://www.yelp.com/biz/aire-ancient-baths-chicago-chicago?adjust_creative=5d0WN3-0MJTogXUsavz_Qg&utm_campaign=yelp_api_v3&utm_medium=api_v3_business_search&utm_source=5d0WN3-0MJTogXUsavz_Qg,4.0,698,3,False,no,41.895682,-87.6479445,yelp_fusion,2026-05-08T22:32:15.038299
5180729b54,Relax Feet,eyxFXGUfS5H8qYEbrhfZDA,Chicago,IL,massage,"2352 N Clybourn Ave, Chicago, IL, 60614",+17735252828,https://www.yelp.com/biz/relax-feet-chicago-2?adjust_creative=5d0WN3-0MJTogXUsavz_Qg&utm_campaign=yelp_api_v3&utm_medium=api_v3_business_search&utm_source=5d0WN3-0MJTogXUsavz_Qg,4.5,549,1,False,no,41.92449,-87.66897,yelp_fusion,2026-05-08T22:32:15.038315
81cc5c02be,DQ Luxury Reflexology Massage & Relaxation Retreat,CfOzZD-lrb6YLN9aKUXhCA,Chicago,IL,massage,"910 S Michigan Ave, Chicago, IL, 60605",+13129868091,https://www.yelp.com/biz/dq-luxury-reflexology-massage-and-relaxation-retreat-chicago?adjust_creative=5d0WN3-0MJTogXUsavz_Qg&utm_campaign=yelp_api_v3&utm_medium=api_v3_business_search&utm_source=5d0WN3-0MJTogXUsavz_Qg,3.8,408,2,False,no,41.8702,-87.62474,yelp_fusion,2026-05-08T22:32:15.038330
d42ffb80b1,Urban Oasis North Avenue,y_NwPBjGcf9yEucXuQuzSQ,Chicago,IL,massage,"939 W North Ave, Chicago, IL, 60642",+13126400001,https://www.yelp.com/biz/urban-oasis-north-avenue-chicago-2?adjust_creative=5d0WN3-0MJTogXUsavz_Qg&utm_campaign=yelp_api_v3&utm_medium=api_v3_business_search&utm_source=5d0WN3-0MJTogXUsavz_Qg,4.6,289,3,False,no,41.910537,-87.652334,yelp_fusion,2026-05-08T22:32:15.038344
4ce276138b,Spavia Day Spa - Lincoln Park,nwu4VCAP97IfjaASYjD-DQ,Chicago,IL,massage,"2121 N Clybourn Ave, Chicago, IL, 60614",+13127248777,https://www.yelp.com/biz/spavia-day-spa-lincoln-park-chicago?adjust_creative=5d0WN3-0MJTogXUsavz_Qg&utm_campaign=yelp_api_v3&utm_medium=api_v3_business_search&utm_source=5d0WN3-0MJTogXUsavz_Qg,4.5,267,2,False,no,41.920202,-87.66189,yelp_fusion,2026-05-08T22:32:15.038357
f7c20e616b,Massage House,DtC1878pfn-yXWYwqk7-Ww,Chicago,IL,massage,"2405 N Clybourn Ave, Chicago, IL, 60614",+17734728888,https://www.yelp.com/biz/massage-house-chicago-2?adjust_creative=5d0WN3-0MJTogXUsavz_Qg&utm_campaign=yelp_api_v3&utm_medium=api_v3_business_search&utm_source=5d0WN3-0MJTogXUsavz_Qg,4.1,259,2,False,no,41.92544,-87.66932,yelp_fusion,2026-05-08T22:32:15.038371
2306d43665,Chicago Touch,HdXcSuzqegKZjqVuUnVg9A,Chicago,IL,massage,"1335 W Lake St, Chicago, IL, 60607",+13129293083,https://www.yelp.com/biz/chicago-touch-chicago?adjust_creative=5d0WN3-0MJTogXUsavz_Qg&utm_campaign=yelp_api_v3&utm_medium=api_v3_business_search&utm_source=5d0WN3-0MJTogXUsavz_Qg,4.1,215,2,False,no,41.88516,-87.660406,yelp_fusion,2026-05-08T22:32:15.038385
e1d2f64e00,Healthy Zu Spa,hoK0reTjHY950aAbz33AFQ,Chicago,IL,massage,"120 N Halsted St, Chicago, IL, 60661",+13126313040,https://www.yelp.com/biz/healthy-zu-spa-chicago-3?adjust_creative=5d0WN3-0MJTogXUsavz_Qg&utm_campaign=yelp_api_v3&utm_medium=api_v3_business_search&utm_source=5d0WN3-0MJTogXUsavz_Qg,4.1,202,1,False,no,41.883731842041,-87.6477584838867,yelp_fusion,2026-05-08T22:32:15.038399
7f9838ad90,Be Well.,E58R_RO_muoHb9ZRmW9coA,Chicago,IL,massage,"2251 W Irving Park Rd, Chicago, IL, 60618",+17735889355,https://www.yelp.com/biz/be-well-chicago?adjust_creative=5d0WN3-0MJTogXUsavz_Qg&utm_campaign=yelp_api_v3&utm_medium=api_v3_business_search&utm_source=5d0WN3-0MJTogXUsavz_Qg,4.7,136,2,False,no,41.95389934620944,-87.68566704913452,yelp_fusion,2026-05-08T22:32:15.038413
1af440476f,Olio e Più,cyqK8gatPIaOYNvwq4yprA,Chicago,IL,nailsalons,"445 N Dearborn St, Chicago, IL, 60654",+13123633335,https://www.yelp.com/biz/olio-e-pi%C3%B9-chicago-2?adjust_creative=5d0WN3-0MJTogXUsavz_Qg&utm_campaign=yelp_api_v3&utm_medium=api_v3_business_search&utm_source=5d0WN3-0MJTogXUsavz_Qg,4.3,648,3,False,no,41.89059,-87.62939,yelp_fusion,2026-05-08T22:32:16.066498
1c8c67500c,Armitage Alehouse,kiwMgtypE3TRrUkmTwA2Zw,Chicago,IL,nailsalons,"1000 W Armitage Ave, Chicago, IL, 60614",+17732706402,https://www.yelp.com/biz/armitage-alehouse-chicago?adjust_creative=5d0WN3-0MJTogXUsavz_Qg&utm_campaign=yelp_api_v3&utm_medium=api_v3_business_search&utm_source=5d0WN3-0MJTogXUsavz_Qg,4.5,573,3,False,no,41.91838,-87.65359,yelp_fusion,2026-05-08T22:32:16.066541
b483fa6100,STR Sushi Taku Rotary,bG6SiDiGSXWE9osdmVsdwA,Chicago,IL,nailsalons,"935 W Webster Ave, Chicago, IL, 60614",+17737998149,https://www.yelp.com/biz/str-sushi-taku-rotary-chicago?adjust_creative=5d0WN3-0MJTogXUsavz_Qg&utm_campaign=yelp_api_v3&utm_medium=api_v3_business_search&utm_source=5d0WN3-0MJTogXUsavz_Qg,4.6,316,3,False,no,41.92165,-87.652409,yelp_fusion,2026-05-08T22:32:16.066554
ca69102785,Istmo Oaxacan Cuisine,3ZItFG-BGTUIbWLLKbnggw,Chicago,IL,nailsalons,"3231 N Clark St, Chicago, IL, 60657",+18723152034,https://www.yelp.com/biz/istmo-oaxacan-cuisine-chicago?adjust_creative=5d0WN3-0MJTogXUsavz_Qg&utm_campaign=yelp_api_v3&utm_medium=api_v3_business_search&utm_source=5d0WN3-0MJTogXUsavz_Qg,4.6,65,,False,no,41.940882750360394,-87.65110231027298,yelp_fusion,2026-05-08T22:32:16.066566
6ef58f372f,"John J Griffin CPA, PC",ntYVydulRTGT7qRoDHF_2w,Chicago,IL,nailsalons,"5242 W Irving Park Rd, Chicago, IL, 60641",+17735456750,https://www.yelp.com/biz/john-j-griffin-cpa-chicago-3?adjust_creative=5d0WN3-0MJTogXUsavz_Qg&utm_campaign=yelp_api_v3&utm_medium=api_v3_business_search&utm_source=5d0WN3-0MJTogXUsavz_Qg,4.9,59,,False,no,41.95358,-87.75897,yelp_fusion,2026-05-08T22:32:16.066577
fac9690122,Sakana Sushi & Japanese Cuisine,XA-cAhyL6LpcRW17jp5zYA,Chicago,IL,nailsalons,"1307 S Wabash Ave, Chicago, IL, 60605",+13125285049,https://www.yelp.com/biz/sakana-sushi-and-japanese-cuisine-chicago-2?adjust_creative=5d0WN3-0MJTogXUsavz_Qg&utm_campaign=yelp_api_v3&utm_medium=api_v3_business_search&utm_source=5d0WN3-0MJTogXUsavz_Qg,4.3,59,,False,no,41.86545322331613,-87.6253097,yelp_fusion,2026-05-08T22:32:16.066588
b1294ff805,Lior's Cafe,wksgi2GuT2bSZSsO_BiCwQ,Chicago,IL,nailsalons,"10500 S Halsted St, Chicago, IL, 60628",+17732395467,https://www.yelp.com/biz/liors-cafe-chicago?adjust_creative=5d0WN3-0MJTogXUsavz_Qg&utm_campaign=yelp_api_v3&utm_medium=api_v3_business_search&utm_source=5d0WN3-0MJTogXUsavz_Qg,3.7,51,,False,no,41.70312726544474,-87.64309734106064,yelp_fusion,2026-05-08T22:32:16.066600
90a2da9048,Windy City Flat Roof,aP5bRGJM5HUSSFLVUbMpyg,Chicago,IL,nailsalons,"5601 W Belmont Ave, Chicago, IL, 60634",+17737716117,https://www.yelp.com/biz/windy-city-flat-roof-chicago?adjust_creative=5d0WN3-0MJTogXUsavz_Qg&utm_campaign=yelp_api_v3&utm_medium=api_v3_business_search&utm_source=5d0WN3-0MJTogXUsavz_Qg,4.5,51,,False,no,41.938301,-87.766752,yelp_fusion,2026-05-08T22:32:16.066611
9d6e1c993f,Smash Jibarito,wjKVqZA4xhk2VQmPvY8QOw,Chicago,IL,nailsalons,"2534 W Division St, Chicago, IL, 60622",,https://www.yelp.com/biz/smash-jibarito-chicago?adjust_creative=5d0WN3-0MJTogXUsavz_Qg&utm_campaign=yelp_api_v3&utm_medium=api_v3_business_search&utm_source=5d0WN3-0MJTogXUsavz_Qg,4.4,32,,False,no,41.90314374863983,-87.69087952573605,yelp_fusion,2026-05-08T22:32:16.066622
e45dc9ca4e,Toast It IZ,DrMu7-hUgqLwmfpuNvA0DA,Chicago,IL,nailsalons,"22 E Hubbard St, Chicago, IL, 60611",+17088664211,https://www.yelp.com/biz/toast-it-iz-chicago?adjust_creative=5d0WN3-0MJTogXUsavz_Qg&utm_campaign=yelp_api_v3&utm_medium=api_v3_business_search&utm_source=5d0WN3-0MJTogXUsavz_Qg,4.2,32,,False,no,41.890221,-87.62713,yelp_fusion,2026-05-08T22:32:16.066633
f35b73a5c7,Bespoke Salon,gAVObQGq6oTGCVp1xtHjXg,Atlanta,GA,hair,"5600 Roswell Rd, Atlanta, GA, 30342",+14047819152,https://www.yelp.com/biz/bespoke-salon-atlanta?adjust_creative=5d0WN3-0MJTogXUsavz_Qg&utm_campaign=yelp_api_v3&utm_medium=api_v3_business_search&utm_source=5d0WN3-0MJTogXUsavz_Qg,4.8,382,2,False,no,33.907325198062615,-84.38028500230052,yelp_fusion,2026-05-08T22:32:17.093155
88acb73b2f,Helmet Hairworx,TO8KRnT43yJcww3-YktDFw,Atlanta,GA,hair,"970 Piedmont Ave NE, Atlanta, GA, 30309",+14048151629,https://www.yelp.com/biz/helmet-hairworx-atlanta-13?adjust_creative=5d0WN3-0MJTogXUsavz_Qg&utm_campaign=yelp_api_v3&utm_medium=api_v3_business_search&utm_source=5d0WN3-0MJTogXUsavz_Qg,4.1,266,2,False,no,33.7811072,-84.3808354,yelp_fusion,2026-05-08T22:32:17.093201
b2a17528cd,Salon Modello,ngdn0pRfavnfL5C-xcfWlw,Atlanta,GA,hair,"674 Highland Ave NE, Atlanta, GA, 30312",+14046813670,https://www.yelp.com/biz/salon-modello-atlanta?adjust_creative=5d0WN3-0MJTogXUsavz_Qg&utm_campaign=yelp_api_v3&utm_medium=api_v3_business_search&utm_source=5d0WN3-0MJTogXUsavz_Qg,4.5,263,2,False,no,33.76141020700896,-84.36523229447398,yelp_fusion,2026-05-08T22:32:17.093216
3ea7ecf942,Melrose and McQueen Salon,pt-InT-Xskd2Ifca70DfAA,Atlanta,GA,hair,"341 Elizabeth St NE, Atlanta, GA, 30307",+14049095245,https://www.yelp.com/biz/melrose-and-mcqueen-salon-atlanta-3?adjust_creative=5d0WN3-0MJTogXUsavz_Qg&utm_campaign=yelp_api_v3&utm_medium=api_v3_business_search&utm_source=5d0WN3-0MJTogXUsavz_Qg,4.6,251,2,False,no,33.76385854902134,-84.35859042325404,yelp_fusion,2026-05-08T22:32:17.093231
5aaf604ab4,Aveda Arts & Sciences Institute - Atlanta,oTfVZCR9uHNHdzoiOKPXlg,Atlanta,GA,hair,"1745 Peachtree St NE, Atlanta, GA, 30309",+18778928332,https://www.yelp.com/biz/aveda-arts-and-sciences-institute-atlanta-atlanta?adjust_creative=5d0WN3-0MJTogXUsavz_Qg&utm_campaign=yelp_api_v3&utm_medium=api_v3_business_search&utm_source=5d0WN3-0MJTogXUsavz_Qg,3.3,245,1,False,no,33.800208,-84.392331,yelp_fusion,2026-05-08T22:32:17.093246
ef1a232c75,Junko Hair Studio,bG-QsDS4OhTc5flKGQQY7w,Atlanta,GA,hair,"2391 Peachtree Rd NE, Atlanta, GA, 30305",+14048141827,https://www.yelp.com/biz/junko-hair-studio-atlanta?adjust_creative=5d0WN3-0MJTogXUsavz_Qg&utm_campaign=yelp_api_v3&utm_medium=api_v3_business_search&utm_source=5d0WN3-0MJTogXUsavz_Qg,4.3,236,2,False,no,33.820195,-84.387908,yelp_fusion,2026-05-08T22:32:17.093258
46d26016d9,The Cherry Blossom Salon,hMJ-huc1LBxjXk2ofaHldA,Atlanta,GA,hair,"696 Somerset Ter NE, Atlanta, GA, 30306",+14048560533,https://www.yelp.com/biz/the-cherry-blossom-salon-atlanta?adjust_creative=5d0WN3-0MJTogXUsavz_Qg&utm_campaign=yelp_api_v3&utm_medium=api_v3_business_search&utm_source=5d0WN3-0MJTogXUsavz_Qg,4.4,224,2,False,no,33.7733077,-84.3625182,yelp_fusion,2026-05-08T22:32:17.093270
23361ce3fe,Q Hair Studio,zMUogkPUcbERERTa6xwERQ,Atlanta,GA,hair,"4300 Buford Hwy NE, Atlanta, GA, 30345",+14043250692,https://www.yelp.com/biz/q-hair-studio-atlanta?adjust_creative=5d0WN3-0MJTogXUsavz_Qg&utm_campaign=yelp_api_v3&utm_medium=api_v3_business_search&utm_source=5d0WN3-0MJTogXUsavz_Qg,4.2,213,2,False,no,33.8676361615408,-84.3023014068604,yelp_fusion,2026-05-08T22:32:17.093281
022b2c0e12,Adore Hair Studio,BrnEjOPiRX-o1Custsniow,Atlanta,GA,hair,"674 Highland Ave NE, Atlanta, GA, 30312",+14045220336,https://www.yelp.com/biz/adore-hair-studio-atlanta?adjust_creative=5d0WN3-0MJTogXUsavz_Qg&utm_campaign=yelp_api_v3&utm_medium=api_v3_business_search&utm_source=5d0WN3-0MJTogXUsavz_Qg,4.3,195,2,False,no,33.76146602197484,-84.36526409999999,yelp_fusion,2026-05-08T22:32:17.093293
5285039969,Mariemarie Salon,OYg8KixubGuxLPGy69wJNQ,Atlanta,GA,hair,"1388 McLendon Ave NE, Atlanta, GA, 30307",+14048499970,https://www.yelp.com/biz/mariemarie-salon-atlanta?adjust_creative=5d0WN3-0MJTogXUsavz_Qg&utm_campaign=yelp_api_v3&utm_medium=api_v3_business_search&utm_source=5d0WN3-0MJTogXUsavz_Qg,4.6,188,2,False,no,33.765362,-84.342064,yelp_fusion,2026-05-08T22:32:17.093305
cbfa7fef3c,Rebalance Spa,b5Gayetfzpr823Xzsw8lmQ,Atlanta,GA,skincare,"245 N Highland Ave NE, Atlanta, GA, 30307",+14703559602,https://www.yelp.com/biz/rebalance-spa-atlanta-2?adjust_creative=5d0WN3-0MJTogXUsavz_Qg&utm_campaign=yelp_api_v3&utm_medium=api_v3_business_search&utm_source=5d0WN3-0MJTogXUsavz_Qg,3.7,146,2,False,no,33.761833,-84.359724,yelp_fusion,2026-05-08T22:32:18.006646
3d99573f90,Fabu Face Spa,MBTWQi6h7JWLrfVAxvMfQw,Atlanta,GA,skincare,"805 Church St, Decatur, GA, 30030",+14043776363,https://www.yelp.com/biz/fabu-face-spa-decatur?adjust_creative=5d0WN3-0MJTogXUsavz_Qg&utm_campaign=yelp_api_v3&utm_medium=api_v3_business_search&utm_source=5d0WN3-0MJTogXUsavz_Qg,4.6,119,2,False,no,33.7792947,-84.2946086,yelp_fusion,2026-05-08T22:32:18.006686
5f7069a6ab,Lumi Vita,fOmYVA_fzpS3-4PsESUlFg,Atlanta,GA,skincare,"2385 Peachtree Rd, Atlanta, GA, 30305",+14048697722,https://www.yelp.com/biz/lumi-vita-atlanta-5?adjust_creative=5d0WN3-0MJTogXUsavz_Qg&utm_campaign=yelp_api_v3&utm_medium=api_v3_business_search&utm_source=5d0WN3-0MJTogXUsavz_Qg,4.4,116,2,False,no,33.81986,-84.38769,yelp_fusion,2026-05-08T22:32:18.006701
31e00831ff,Skin Deep Skin Care Studio,KKH_UK685WyYwMs8kCAbng,Atlanta,GA,skincare,"2989 Piedmont Rd NE, Atlanta, GA, 30305",+14048390848,https://www.yelp.com/biz/skin-deep-skin-care-studio-atlanta?adjust_creative=5d0WN3-0MJTogXUsavz_Qg&utm_campaign=yelp_api_v3&utm_medium=api_v3_business_search&utm_source=5d0WN3-0MJTogXUsavz_Qg,4.7,101,2,False,no,33.83672,-84.36764,yelp_fusion,2026-05-08T22:32:18.006735
f288e57e94,Radiance Medspa,g7cTOwJfYI215yhbkK3FCQ,Atlanta,GA,skincare,"2810 Paces Ferry Rd SE, Atlanta, GA, 30339",+17704357700,https://www.yelp.com/biz/radiance-medspa-atlanta?adjust_creative=5d0WN3-0MJTogXUsavz_Qg&utm_campaign=yelp_api_v3&utm_medium=api_v3_business_search&utm_source=5d0WN3-0MJTogXUsavz_Qg,4.8,50,2,False,no,33.865194,-84.469789,yelp_fusion,2026-05-08T22:32:18.006749
3e58134b89,Elite Beauty Bar,D7SICwjAQcEEc2F5T8kHqg,Atlanta,GA,skincare,"626 Dekalb Ave NE, Atlanta, GA, 30312",+14049099695,https://www.yelp.com/biz/elite-beauty-bar-atlanta?adjust_creative=5d0WN3-0MJTogXUsavz_Qg&utm_campaign=yelp_api_v3&utm_medium=api_v3_business_search&utm_source=5d0WN3-0MJTogXUsavz_Qg,4.9,47,2,False,no,33.753606,-84.366484,yelp_fusion,2026-05-08T22:32:18.006764
6ae8b25c0a,Nancy's Rx,uALgt-UGnq89FmGqfNNN2A,Atlanta,GA,skincare,"223 16th St NW, Atlanta, GA, 30363",+16784376027,https://www.yelp.com/biz/nancys-rx-atlanta?adjust_creative=5d0WN3-0MJTogXUsavz_Qg&utm_campaign=yelp_api_v3&utm_medium=api_v3_business_search&utm_source=5d0WN3-0MJTogXUsavz_Qg,4.9,44,2,False,no,33.79027337195596,-84.39793563111145,yelp_fusion,2026-05-08T22:32:18.006777
43944694e7,Stella Skin & Laser,SD7fCQCXfE8H_JmIYphNQA,Atlanta,GA,skincare,"2780 Peachtree Industrial Blvd, Duluth, GA, 30097",+17709065393,https://www.yelp.com/biz/stella-skin-and-laser-duluth-4?adjust_creative=5d0WN3-0MJTogXUsavz_Qg&utm_campaign=yelp_api_v3&utm_medium=api_v3_business_search&utm_source=5d0WN3-0MJTogXUsavz_Qg,4.7,41,,False,no,34.02251234990728,-84.14474878460169,yelp_fusion,2026-05-08T22:32:18.006791
edd7988a3d,Skin Laundry - Buckhead,r1_uzjL81VuNoRDJiRnEzQ,Atlanta,GA,skincare,"56 E Andrews Dr NW, Atlanta, GA, 30305",+14706843656,https://www.yelp.com/biz/skin-laundry-buckhead-atlanta-7?adjust_creative=5d0WN3-0MJTogXUsavz_Qg&utm_campaign=yelp_api_v3&utm_medium=api_v3_business_search&utm_source=5d0WN3-0MJTogXUsavz_Qg,4.6,39,,False,no,33.8434388,-84.3813105,yelp_fusion,2026-05-08T22:32:18.006805
9d1cb28c4b,Atlanta Acne Specialists,W3CQic-XPj9Pjtp0gJd7vg,Atlanta,GA,skincare,"1276-A McConnell Dr, Decatur, GA, 30033",+14049005152,https://www.yelp.com/biz/atlanta-acne-specialists-decatur?adjust_creative=5d0WN3-0MJTogXUsavz_Qg&utm_campaign=yelp_api_v3&utm_medium=api_v3_business_search&utm_source=5d0WN3-0MJTogXUsavz_Qg,4.8,36,2,False,no,33.809766771719,-84.30786387790984,yelp_fusion,2026-05-08T22:32:18.006819
acef68fcb5,LeHua Spa,K-fSnewO-9LwgM9XV5eMdA,Atlanta,GA,massage,"2980 Cobb Pkwy SE, Atlanta, GA, 30339",+17704388888,https://www.yelp.com/biz/lehua-spa-atlanta?adjust_creative=5d0WN3-0MJTogXUsavz_Qg&utm_campaign=yelp_api_v3&utm_medium=api_v3_business_search&utm_source=5d0WN3-0MJTogXUsavz_Qg,4.3,347,2,False,no,33.879879203678,-84.4622649730164,yelp_fusion,2026-05-08T22:32:18.942412
6b8ee28a69,The Art of Touch Therapeutic Massage Center,YIGqQjAaJ1bo3HDt4Dqd3A,Atlanta,GA,massage,"855 Peachtree St NE, Atlanta, GA, 30308",+14046024054,https://www.yelp.com/biz/the-art-of-touch-therapeutic-massage-center-atlanta-2?adjust_creative=5d0WN3-0MJTogXUsavz_Qg&utm_campaign=yelp_api_v3&utm_medium=api_v3_business_search&utm_source=5d0WN3-0MJTogXUsavz_Qg,4.5,333,3,False,no,33.7781619233333,-84.3843126296997,yelp_fusion,2026-05-08T22:32:18.942454
00b79efe72,Healing Touch Iyashi,8FmY6aAfb7nGomqWY8qc-A,Atlanta,GA,massage,"5975 Roswell Rd NE, Sandy Springs, GA, 30328",+14048833056,https://www.yelp.com/biz/healing-touch-iyashi-sandy-springs-3?adjust_creative=5d0WN3-0MJTogXUsavz_Qg&utm_campaign=yelp_api_v3&utm_medium=api_v3_business_search&utm_source=5d0WN3-0MJTogXUsavz_Qg,4.5,279,2,False,no,33.91819657637192,-84.37709990372275,yelp_fusion,2026-05-08T22:32:18.942469
56a55375f3,Massage Infinity,2R7W7Ds9Qptw6tCzXdeS-Q,Atlanta,GA,massage,"3242 Peachtree Rd NE, Atlanta, GA, 30305",+14709895375,https://www.yelp.com/biz/massage-infinity-atlanta-2?adjust_creative=5d0WN3-0MJTogXUsavz_Qg&utm_campaign=yelp_api_v3&utm_medium=api_v3_business_search&utm_source=5d0WN3-0MJTogXUsavz_Qg,4.7,275,2,False,no,33.843566,-84.372805,yelp_fusion,2026-05-08T22:32:18.942483
0603f0c04a,Jiao,mGbsLZP8cxnkku5KQNKhmQ,Atlanta,GA,massage,"1529 Piedmont Ave NE, Atlanta, GA, 30324",+14048158774,https://www.yelp.com/biz/jiao-atlanta-3?adjust_creative=5d0WN3-0MJTogXUsavz_Qg&utm_campaign=yelp_api_v3&utm_medium=api_v3_business_search&utm_source=5d0WN3-0MJTogXUsavz_Qg,4.1,191,2,False,no,33.7955773,-84.36884189999999,yelp_fusion,2026-05-08T22:32:18.942497
bce790b790,Lenox Massage & Spa,TyVHqCGaNJxSuiD-JNjsow,Atlanta,GA,massage,"2770 Lenox Rd NE, Atlanta, GA, 30324",+14046003180,https://www.yelp.com/biz/lenox-massage-and-spa-atlanta-2?adjust_creative=5d0WN3-0MJTogXUsavz_Qg&utm_campaign=yelp_api_v3&utm_medium=api_v3_business_search&utm_source=5d0WN3-0MJTogXUsavz_Qg,4.2,127,2,False,no,33.83038163443141,-84.35654014534796,yelp_fusion,2026-05-08T22:32:18.942525
2b7b7bf418,Relax Center,In0jwpEexD-liTL1ybksVA,Atlanta,GA,massage,"4062 Peachtree Rd NE, Brookhaven, GA, 30319",+17707661668,https://www.yelp.com/biz/relax-center-brookhaven-2?adjust_creative=5d0WN3-0MJTogXUsavz_Qg&utm_campaign=yelp_api_v3&utm_medium=api_v3_business_search&utm_source=5d0WN3-0MJTogXUsavz_Qg,4.1,113,1,False,no,33.86212,-84.33913,yelp_fusion,2026-05-08T22:32:18.942539
b816591a28,Li's Massage,qTRLcQAApXko4xavvAd7zg,Atlanta,GA,massage,"1985 Howell Mill Rd, Atlanta, GA, 30318",+14044585933,https://www.yelp.com/biz/lis-massage-atlanta?adjust_creative=5d0WN3-0MJTogXUsavz_Qg&utm_campaign=yelp_api_v3&utm_medium=api_v3_business_search&utm_source=5d0WN3-0MJTogXUsavz_Qg,3.8,85,2,False,no,33.8088733961738,-84.412726610899,yelp_fusion,2026-05-08T22:32:18.942552
db93e1dbb3,The Muscle Relaxers,J_3apEjo7bLj2Tfl0-P4TQ,Atlanta,GA,massage,"2810 Paces Ferry Rd SE, Atlanta, GA, 30339",+14042345584,https://www.yelp.com/biz/the-muscle-relaxers-atlanta?adjust_creative=5d0WN3-0MJTogXUsavz_Qg&utm_campaign=yelp_api_v3&utm_medium=api_v3_business_search&utm_source=5d0WN3-0MJTogXUsavz_Qg,4.9,78,2,False,no,33.86516932269362,-84.46966365105531,yelp_fusion,2026-05-08T22:32:18.942567
d7137cf393,HappyNest,F-av7ay47Ea2VNhWv2dP4g,Atlanta,GA,nailsalons,"Atlanta, GA, 30324",+18553359274,https://www.yelp.com/biz/happynest-atlanta-3?adjust_creative=5d0WN3-0MJTogXUsavz_Qg&utm_campaign=yelp_api_v3&utm_medium=api_v3_business_search&utm_source=5d0WN3-0MJTogXUsavz_Qg,2.7,15,,False,no,33.81522,-84.36658,yelp_fusion,2026-05-08T22:32:20.363289
90097d0e4c,Dennis Dean Catering,fVJAdZQCU-YbJUQuSBE-uw,Atlanta,GA,nailsalons,"733 Lambert D NE, Atlanta, GA, 30324",+14044751002,https://www.yelp.com/biz/dennis-dean-catering-atlanta?adjust_creative=5d0WN3-0MJTogXUsavz_Qg&utm_campaign=yelp_api_v3&utm_medium=api_v3_business_search&utm_source=5d0WN3-0MJTogXUsavz_Qg,3.6,8,,False,no,33.81218,-84.36382,yelp_fusion,2026-05-08T22:32:20.363349
a6cff87197,Mazdonly,DXqBks-LCy4ZK4og4VvtJA,Atlanta,GA,nailsalons,"1050 Vijay Dr, Atlanta, GA, 30341",+17704554849,https://www.yelp.com/biz/mazdonly-atlanta?adjust_creative=5d0WN3-0MJTogXUsavz_Qg&utm_campaign=yelp_api_v3&utm_medium=api_v3_business_search&utm_source=5d0WN3-0MJTogXUsavz_Qg,4.2,5,,False,no,33.88237,-84.31404,yelp_fusion,2026-05-08T22:32:20.363365
b2d8da9bc4,Blue Suede Entertainment - Elvis Impersonator,Wmyp2Hww3GK6atJ0k8VYjg,Atlanta,GA,nailsalons,"Atlanta, GA, 30329",+14045109234,https://www.yelp.com/biz/blue-suede-entertainment-elvis-impersonator-atlanta?adjust_creative=5d0WN3-0MJTogXUsavz_Qg&utm_campaign=yelp_api_v3&utm_medium=api_v3_business_search&utm_source=5d0WN3-0MJTogXUsavz_Qg,4.2,5,,False,no,33.8454895019531,-84.3195877075195,yelp_fusion,2026-05-08T22:32:20.363379
c41f588bd3,RollerFit,RnfxaTxuCt2JOaHHdlM7jQ,Atlanta,GA,nailsalons,"1874 Piedmont Ave NE, Atlanta, GA, 30324",+14704444727,https://www.yelp.com/biz/rollerfit-atlanta-2?adjust_creative=5d0WN3-0MJTogXUsavz_Qg&utm_campaign=yelp_api_v3&utm_medium=api_v3_business_search&utm_source=5d0WN3-0MJTogXUsavz_Qg,5.0,4,,False,no,33.807835,-84.3676711,yelp_fusion,2026-05-08T22:32:20.363393
532f66243c,Power Strobe Repair,bfuadzlu8PfUFdidb5Op-w,Atlanta,GA,nailsalons,"607 Pelham Rd NE, Atlanta, GA, 30324",+14048740022,https://www.yelp.com/biz/power-strobe-repair-atlanta?adjust_creative=5d0WN3-0MJTogXUsavz_Qg&utm_campaign=yelp_api_v3&utm_medium=api_v3_business_search&utm_source=5d0WN3-0MJTogXUsavz_Qg,5.0,1,,False,no,33.8005219,-84.3685684,yelp_fusion,2026-05-08T22:32:20.363407
ce6655bca9,11th Street Post,UvvJsna9ZY1vdj48Wti1wQ,Atlanta,GA,nailsalons,"699 11th St NW, Atlanta, GA, 30318",+14048734085,https://www.yelp.com/biz/11th-street-post-atlanta?adjust_creative=5d0WN3-0MJTogXUsavz_Qg&utm_campaign=yelp_api_v3&utm_medium=api_v3_business_search&utm_source=5d0WN3-0MJTogXUsavz_Qg,5.0,1,,False,no,33.7832108,-84.4100723,yelp_fusion,2026-05-08T22:32:20.363420
27a776c335,Bain Michael MD,Hfl3_MHmbJposiutbnDO2w,Atlanta,GA,nailsalons,"550 Pharr Rd NE, Atlanta, GA, 30305",+14042618291,https://www.yelp.com/biz/bain-michael-md-atlanta?adjust_creative=5d0WN3-0MJTogXUsavz_Qg&utm_campaign=yelp_api_v3&utm_medium=api_v3_business_search&utm_source=5d0WN3-0MJTogXUsavz_Qg,1.0,1,,False,no,33.837429,-84.3700638,yelp_fusion,2026-05-08T22:32:20.363434
1a4dacca30,Davis & Associates,8qank6bYFNm_rcPi-jJP5g,Atlanta,GA,nailsalons,"320 Alberta Ter NE, Atlanta, GA, 30305",+14042610309,https://www.yelp.com/biz/davis-and-associates-atlanta?adjust_creative=5d0WN3-0MJTogXUsavz_Qg&utm_campaign=yelp_api_v3&utm_medium=api_v3_business_search&utm_source=5d0WN3-0MJTogXUsavz_Qg,5.0,1,,False,no,33.8472328186035,-84.3783950805664,yelp_fusion,2026-05-08T22:32:20.363447
0f27af9237,Level Above Paving Group,XZmuKiG9_QXdefqiZI83RQ,Atlanta,GA,nailsalons,"Atlanta, GA, 30303",+14706167600,https://www.yelp.com/biz/level-above-paving-group-atlanta?adjust_creative=5d0WN3-0MJTogXUsavz_Qg&utm_campaign=yelp_api_v3&utm_medium=api_v3_business_search&utm_source=5d0WN3-0MJTogXUsavz_Qg,5.0,1,,False,no,33.753186,-84.389971,yelp_fusion,2026-05-08T22:32:20.363461
baa7712ecd,Urban Betty 38th,rLJp8JAWaE4Jx04hdJzEhQ,Austin,TX,hair,"1206 W 38th St, Austin, TX, 78705",+15123717663,https://www.yelp.com/biz/urban-betty-38th-austin?adjust_creative=5d0WN3-0MJTogXUsavz_Qg&utm_campaign=yelp_api_v3&utm_medium=api_v3_business_search&utm_source=5d0WN3-0MJTogXUsavz_Qg,4.3,938,2,False,no,30.306996,-97.744861,yelp_fusion,2026-05-08T22:32:21.395773
1b5b3a7a97,Red Stella Hair Salon,yZ9IqVdZ0KWdri8u0AlIog,Austin,TX,hair,"5117 N Lamar Blvd, Austin, TX, 78751",+15124336762,https://www.yelp.com/biz/red-stella-hair-salon-austin-10?adjust_creative=5d0WN3-0MJTogXUsavz_Qg&utm_campaign=yelp_api_v3&utm_medium=api_v3_business_search&utm_source=5d0WN3-0MJTogXUsavz_Qg,4.5,544,2,False,no,30.31940617040533,-97.7302529278366,yelp_fusion,2026-05-08T22:32:21.395828
d82a9aa274,Method Hair,mbhZ8flmAm2AqLkPvcmQcw,Austin,TX,hair,"1800 E 4th St, Austin, TX, 78702",+15124690044,https://www.yelp.com/biz/method-hair-austin?adjust_creative=5d0WN3-0MJTogXUsavz_Qg&utm_campaign=yelp_api_v3&utm_medium=api_v3_business_search&utm_source=5d0WN3-0MJTogXUsavz_Qg,4.7,477,2,False,no,30.2602,-97.72397,yelp_fusion,2026-05-08T22:32:21.395840
d67d9be65f,Bella Salon,IOSu-YOQXj55jvkFtaNKMw,Austin,TX,hair,"1221 W 6th St, Austin, TX, 78703",+15124745999,https://www.yelp.com/biz/bella-salon-austin-2?adjust_creative=5d0WN3-0MJTogXUsavz_Qg&utm_campaign=yelp_api_v3&utm_medium=api_v3_business_search&utm_source=5d0WN3-0MJTogXUsavz_Qg,4.5,461,2,False,no,30.273338,-97.759478,yelp_fusion,2026-05-08T22:32:21.395852
7903d546fd,Path Salon,v5rYYPvji_uMzrHU8-5nWw,Austin,TX,hair,"6101 Balcones Dr, Austin, TX, 78731",+15124477284,https://www.yelp.com/biz/path-salon-austin-4?adjust_creative=5d0WN3-0MJTogXUsavz_Qg&utm_campaign=yelp_api_v3&utm_medium=api_v3_business_search&utm_source=5d0WN3-0MJTogXUsavz_Qg,4.6,354,2,False,no,30.34337067825274,-97.75303925659676,yelp_fusion,2026-05-08T22:32:21.395865
1bfaa3f4e9,Black Orchid Salon,OsVI7hYQndjFqe7N_VhG_w,Austin,TX,hair,"3801 S Congress Ave, Austin, TX, 78704",+15123261010,https://www.yelp.com/biz/black-orchid-salon-austin?adjust_creative=5d0WN3-0MJTogXUsavz_Qg&utm_campaign=yelp_api_v3&utm_medium=api_v3_business_search&utm_source=5d0WN3-0MJTogXUsavz_Qg,4.8,321,2,False,no,30.2257954735755,-97.7620221777668,yelp_fusion,2026-05-08T22:32:21.395879
95b71efd13,Spoleti Salon,BJj-9UbypTpO0RtrjlSUQA,Austin,TX,hair,"6501 S Congress Ave, Austin, TX, 78745",+15127394814,https://www.yelp.com/biz/spoleti-salon-austin?adjust_creative=5d0WN3-0MJTogXUsavz_Qg&utm_campaign=yelp_api_v3&utm_medium=api_v3_business_search&utm_source=5d0WN3-0MJTogXUsavz_Qg,4.7,311,4,False,no,30.1953834196809,-97.77734574461222,yelp_fusion,2026-05-08T22:32:21.395891
c58b441499,Love + Roots,NIvrcYX1aPTUc15KwZw1PQ,Austin,TX,hair,"1317 Rosewood Ave, Austin, TX, 78702",+15127515812,https://www.yelp.com/biz/love-roots-austin-2?adjust_creative=5d0WN3-0MJTogXUsavz_Qg&utm_campaign=yelp_api_v3&utm_medium=api_v3_business_search&utm_source=5d0WN3-0MJTogXUsavz_Qg,4.5,310,2,False,no,30.268553678423153,-97.7248895637794,yelp_fusion,2026-05-08T22:32:21.395926
1cba807986,Dolce Salon,tQ398FOTHO1C2Y6fX7oNpA,Austin,TX,hair,"3201 Bee Caves Rd, Austin, TX, 78746",+15124741174,https://www.yelp.com/biz/dolce-salon-austin-2?adjust_creative=5d0WN3-0MJTogXUsavz_Qg&utm_campaign=yelp_api_v3&utm_medium=api_v3_business_search&utm_source=5d0WN3-0MJTogXUsavz_Qg,4.7,309,2,False,no,30.27214324439563,-97.80067503809808,yelp_fusion,2026-05-08T22:32:21.395938
4443cfdc10,CNN Hair Team Salon,MR5HZGCBwfuJn-Aw9lFTWg,Austin,TX,hair,"7020 Easy Wind Dr, Austin, TX, 78752",+15123000972,https://www.yelp.com/biz/cnn-hair-team-salon-austin-4?adjust_creative=5d0WN3-0MJTogXUsavz_Qg&utm_campaign=yelp_api_v3&utm_medium=api_v3_business_search&utm_source=5d0WN3-0MJTogXUsavz_Qg,4.6,299,2,False,no,30.338515,-97.718774,yelp_fusion,2026-05-08T22:32:21.395951
1fea94a400,milk + honey | 2nd Street District,qnx4S9pP5G8Ebs1-XySFBA,Austin,TX,skincare,"100A Guadalupe St, Austin, TX, 78701",+15122361115,https://www.yelp.com/biz/milk-honey-2nd-street-district-austin?adjust_creative=5d0WN3-0MJTogXUsavz_Qg&utm_campaign=yelp_api_v3&utm_medium=api_v3_business_search&utm_source=5d0WN3-0MJTogXUsavz_Qg,3.9,704,3,False,no,30.264646,-97.748228,yelp_fusion,2026-05-08T22:32:22.366648
1e98ac5b79,Viva Day Spa + Med Spa,vS6_3-vp3vxYcxSTir9GYw,Austin,TX,skincare,"215 S Lamar Blvd, Austin, TX, 78704",+15123002256,https://www.yelp.com/biz/viva-day-spa-med-spa-austin-16?adjust_creative=5d0WN3-0MJTogXUsavz_Qg&utm_campaign=yelp_api_v3&utm_medium=api_v3_business_search&utm_source=5d0WN3-0MJTogXUsavz_Qg,4.5,604,3,False,no,30.26366170396822,-97.75712237419664,yelp_fusion,2026-05-08T22:32:22.366709
ab5af2d4d3,Ann Webb Skin Clinic,LqG3wq9cJGAnJ5bU4eqChw,Austin,TX,skincare,"11701 Jollyville Rd, Austin, TX, 78759",+15127950145,https://www.yelp.com/biz/ann-webb-skin-clinic-austin-2?adjust_creative=5d0WN3-0MJTogXUsavz_Qg&utm_campaign=yelp_api_v3&utm_medium=api_v3_business_search&utm_source=5d0WN3-0MJTogXUsavz_Qg,4.6,575,2,False,no,30.419685,-97.7519,yelp_fusion,2026-05-08T22:32:22.366725
7bcc3d7cc1,Spa Sway,eHlDVGJ4jBF8p2OKhKe57w,Austin,TX,skincare,"11011 Domain Dr, Austin, TX, 78758",+15128730999,https://www.yelp.com/biz/spa-sway-austin?adjust_creative=5d0WN3-0MJTogXUsavz_Qg&utm_campaign=yelp_api_v3&utm_medium=api_v3_business_search&utm_source=5d0WN3-0MJTogXUsavz_Qg,4.6,565,2,False,no,30.39685,-97.72611,yelp_fusion,2026-05-08T22:32:22.366738
21b9f86e47,Viva Day Spa + Med Spa | Domain Northside,_CgzF7S6cFAH05eStZBmtw,Austin,TX,skincare,"11601 Rock Rose Ave, Austin, TX, 78758",+15123002256,https://www.yelp.com/biz/viva-day-spa-med-spa-domain-northside-austin-6?adjust_creative=5d0WN3-0MJTogXUsavz_Qg&utm_campaign=yelp_api_v3&utm_medium=api_v3_business_search&utm_source=5d0WN3-0MJTogXUsavz_Qg,4.6,464,2,False,no,30.401687176809883,-97.7222771274226,yelp_fusion,2026-05-08T22:32:22.366752
baf8b0903d,Glow Spa & Wax House,vTxcvRWmAjm-K_c4FpX96Q,Austin,TX,skincare,"7739 Northcross Dr, Austin, TX, 78757",+15128401080,https://www.yelp.com/biz/glow-spa-and-wax-house-austin?adjust_creative=5d0WN3-0MJTogXUsavz_Qg&utm_campaign=yelp_api_v3&utm_medium=api_v3_business_search&utm_source=5d0WN3-0MJTogXUsavz_Qg,4.8,253,2,False,no,30.356029,-97.736157,yelp_fusion,2026-05-08T22:32:22.366788
132e705200,Beautiful Me,2cTSBoWBF1M0c0q7ndaVNw,Austin,TX,skincare,"2605 Jones Rd, Austin, TX, 78745",+15126991758,https://www.yelp.com/biz/beautiful-me-austin-2?adjust_creative=5d0WN3-0MJTogXUsavz_Qg&utm_campaign=yelp_api_v3&utm_medium=api_v3_business_search&utm_source=5d0WN3-0MJTogXUsavz_Qg,4.9,243,2,False,no,30.2244550499148,-97.80195279325272,yelp_fusion,2026-05-08T22:32:22.366810
07ceed2da8,Face to Face Spa,Buv5lKbM3od5k74e31IeCg,Austin,TX,skincare,"5701 W Slaughter Ln B140, Austin, TX, 78749",+15123826617,https://www.yelp.com/biz/face-to-face-spa-austin-27?adjust_creative=5d0WN3-0MJTogXUsavz_Qg&utm_campaign=yelp_api_v3&utm_medium=api_v3_business_search&utm_source=5d0WN3-0MJTogXUsavz_Qg,4.8,219,2,False,no,30.2006649765817,-97.8693007631946,yelp_fusion,2026-05-08T22:32:22.366828
2eaabf89d0,Blush Waxing & Skincare by Angie Chase,GzMPTdGR-oS8Okhk2njvMw,Austin,TX,skincare,"1402 Alegria Rd, Austin, TX, 78757",+15126986769,https://www.yelp.com/biz/blush-waxing-and-skincare-by-angie-chase-austin?adjust_creative=5d0WN3-0MJTogXUsavz_Qg&utm_campaign=yelp_api_v3&utm_medium=api_v3_business_search&utm_source=5d0WN3-0MJTogXUsavz_Qg,5.0,168,2,False,no,30.334664464708467,-97.7306585,yelp_fusion,2026-05-08T22:32:22.366839
0dc4319be1,Mantis Massage,GW1DtO4sxgPaJd1VxBbHsw,Austin,TX,massage,"3823 Airport Blvd, Austin, TX, 78722",+15125405827,https://www.yelp.com/biz/mantis-massage-austin?adjust_creative=5d0WN3-0MJTogXUsavz_Qg&utm_campaign=yelp_api_v3&utm_medium=api_v3_business_search&utm_source=5d0WN3-0MJTogXUsavz_Qg,4.9,493,2,False,no,30.288623659772203,-97.70658145999612,yelp_fusion,2026-05-08T22:32:23.222620
238f2f3cff,Zen Blend Mind + Body Spa,EjaFM0LEFWhl092qShjvqQ,Austin,TX,massage,"1309 West Slaughter Ln, Austin, TX, 78748",+15125543626,https://www.yelp.com/biz/zen-blend-mind-body-spa-austin?adjust_creative=5d0WN3-0MJTogXUsavz_Qg&utm_campaign=yelp_api_v3&utm_medium=api_v3_business_search&utm_source=5d0WN3-0MJTogXUsavz_Qg,5.0,343,2,False,no,30.173438,-97.81636,yelp_fusion,2026-05-08T22:32:23.222652
c302bde635,Spa Reveil,0-GMrR9o3imO59-X4FB0cQ,Austin,TX,massage,"11410 Century Oaks Ter, Austin, TX, 78758",+15123397000,https://www.yelp.com/biz/spa-reveil-austin?adjust_creative=5d0WN3-0MJTogXUsavz_Qg&utm_campaign=yelp_api_v3&utm_medium=api_v3_business_search&utm_source=5d0WN3-0MJTogXUsavz_Qg,3.8,214,3,False,no,30.401180465502016,-97.72703668242018,yelp_fusion,2026-05-08T22:32:23.222669
1a6451906b,Beijing Foot Spa,Jj9_BYt6Iiol_bqDT1jW4w,Austin,TX,massage,"7301 Burnet Rd, Austin, TX, 78757",+15124199870,https://www.yelp.com/biz/beijing-foot-spa-austin?adjust_creative=5d0WN3-0MJTogXUsavz_Qg&utm_campaign=yelp_api_v3&utm_medium=api_v3_business_search&utm_source=5d0WN3-0MJTogXUsavz_Qg,4.1,206,1,False,no,30.348111,-97.73427030674593,yelp_fusion,2026-05-08T22:32:23.222677
f4aafca786,Austin Ashiatsu,v_OZznSQ_F9SByOy5hE65g,Austin,TX,massage,"1601 E 5th St, Austin, TX, 78702",+15126280333,https://www.yelp.com/biz/austin-ashiatsu-austin?adjust_creative=5d0WN3-0MJTogXUsavz_Qg&utm_campaign=yelp_api_v3&utm_medium=api_v3_business_search&utm_source=5d0WN3-0MJTogXUsavz_Qg,5.0,176,2,False,no,30.261914,-97.726667,yelp_fusion,2026-05-08T22:32:23.222692
2d58eb56b1,AUSTINDEEP,19bjrFHV6ZqCLJZVtMGt5g,Austin,TX,massage,"2300 Lake Austin Blvd, Austin, TX, 78703",+15124765226,https://www.yelp.com/biz/austindeep-austin-2?adjust_creative=5d0WN3-0MJTogXUsavz_Qg&utm_campaign=yelp_api_v3&utm_medium=api_v3_business_search&utm_source=5d0WN3-0MJTogXUsavz_Qg,4.7,176,2,False,no,30.27781,-97.77144,yelp_fusion,2026-05-08T22:32:23.222700
0ae70146e3,Wellness Foot Spa,X2n4RBqO8FU-T_JI-fVRew,Austin,TX,massage,"2110 W Slaughter Ln, Austin, TX, 78748",+15129561889,https://www.yelp.com/biz/wellness-foot-spa-austin-5?adjust_creative=5d0WN3-0MJTogXUsavz_Qg&utm_campaign=yelp_api_v3&utm_medium=api_v3_business_search&utm_source=5d0WN3-0MJTogXUsavz_Qg,4.8,173,,False,no,30.175346,-97.826804,yelp_fusion,2026-05-08T22:32:23.222708
4dc5fbb1ac,Relax Day Spa,hXUhJ86GVaFCHha6iRDN9A,Austin,TX,massage,"4006 S Lamar Blvd, Austin, TX, 78704",+15124620889,https://www.yelp.com/biz/relax-day-spa-austin?adjust_creative=5d0WN3-0MJTogXUsavz_Qg&utm_campaign=yelp_api_v3&utm_medium=api_v3_business_search&utm_source=5d0WN3-0MJTogXUsavz_Qg,3.3,149,1,False,no,30.2363928,-97.7928108,yelp_fusion,2026-05-08T22:32:23.222716
7e95705b25,A-Tex Pest Management,EPgrw_oNSuKbTadrZxhLAA,Austin,TX,nailsalons,"208 A Commerce Blvd, Austin, TX, 78664",+15127143383,https://www.yelp.com/biz/a-tex-pest-management-austin-11?adjust_creative=5d0WN3-0MJTogXUsavz_Qg&utm_campaign=yelp_api_v3&utm_medium=api_v3_business_search&utm_source=5d0WN3-0MJTogXUsavz_Qg,4.8,513,,False,no,30.5322717,-97.6859794,yelp_fusion,2026-05-08T22:32:24.156218
0e79780e15,ATX Junk-A-Haulics,Fih-fir7k8sKSM9LDl8E2g,Austin,TX,nailsalons,"2501 Gardenia Dr, Austin, TX, 78727",+15123503830,https://www.yelp.com/biz/atx-junk-a-haulics-austin-2?adjust_creative=5d0WN3-0MJTogXUsavz_Qg&utm_campaign=yelp_api_v3&utm_medium=api_v3_business_search&utm_source=5d0WN3-0MJTogXUsavz_Qg,5.0,342,,False,no,30.4345191,-97.6912541829189,yelp_fusion,2026-05-08T22:32:24.156277
1e6ecf9ac9,Bullet Towing,WB7ad-okkE5A-IueznD4IQ,Austin,TX,nailsalons,"4402 Nixon Ln, Austin, TX, 78725",+15122066657,https://www.yelp.com/biz/bullet-towing-austin-2?adjust_creative=5d0WN3-0MJTogXUsavz_Qg&utm_campaign=yelp_api_v3&utm_medium=api_v3_business_search&utm_source=5d0WN3-0MJTogXUsavz_Qg,4.8,336,,False,no,30.273189,-97.650997,yelp_fusion,2026-05-08T22:32:24.156290
7b09a5391d,ATX Cell Repair,mhufMqEd_WxzeiFUqg4f3Q,Austin,TX,nailsalons,"austin, TX, 78759",+15126405959,https://www.yelp.com/biz/atx-cell-repair-austin?adjust_creative=5d0WN3-0MJTogXUsavz_Qg&utm_campaign=yelp_api_v3&utm_medium=api_v3_business_search&utm_source=5d0WN3-0MJTogXUsavz_Qg,4.8,164,,False,no,30.401356,-97.7525352,yelp_fusion,2026-05-08T22:32:24.156302
cd7eef2e03,Absolute Fence & Gate,s4A_hDK35UKiWJ5lI4P-sw,Austin,TX,nailsalons,"551 S Ih 35, Round Rock, TX, 78664",+15125025101,https://www.yelp.com/biz/absolute-fence-and-gate-round-rock-2?adjust_creative=5d0WN3-0MJTogXUsavz_Qg&utm_campaign=yelp_api_v3&utm_medium=api_v3_business_search&utm_source=5d0WN3-0MJTogXUsavz_Qg,4.9,155,,False,no,30.504565096951776,-97.68307273322634,yelp_fusion,2026-05-08T22:32:24.156315
e39bda6796,Total Lawn and Sprinkler,pFsaEj_0ilXVQ5nlehPkKg,Austin,TX,nailsalons,"823 Congress Ave, Austin, TX, 78767",+15122844414,https://www.yelp.com/biz/total-lawn-and-sprinkler-austin-4?adjust_creative=5d0WN3-0MJTogXUsavz_Qg&utm_campaign=yelp_api_v3&utm_medium=api_v3_business_search&utm_source=5d0WN3-0MJTogXUsavz_Qg,4.4,127,,False,no,30.2703500947283,-97.74176898599258,yelp_fusion,2026-05-08T22:32:24.156326
ab3e1d7973,Nova Body Shop,BxG25VgIo1RCj6SCG4wFXg,Austin,TX,nailsalons,"8415 N Lamar Blvd, Austin, TX, 78753",+15128377723,https://www.yelp.com/biz/nova-body-shop-austin?adjust_creative=5d0WN3-0MJTogXUsavz_Qg&utm_campaign=yelp_api_v3&utm_medium=api_v3_business_search&utm_source=5d0WN3-0MJTogXUsavz_Qg,4.8,112,,False,no,30.353044197069913,-97.70525449212144,yelp_fusion,2026-05-08T22:32:24.156338
eb515485b8,Timbercreek Floors,WRXZ-g2zYY8OePv42OeSRQ,Austin,TX,nailsalons,"228 Retama Tree Trce, West Lake Hills, TX, 78746",+15125928140,https://www.yelp.com/biz/timbercreek-floors-west-lake-hills?adjust_creative=5d0WN3-0MJTogXUsavz_Qg&utm_campaign=yelp_api_v3&utm_medium=api_v3_business_search&utm_source=5d0WN3-0MJTogXUsavz_Qg,4.9,91,,False,no,30.291905071793515,-97.82741543264902,yelp_fusion,2026-05-08T22:32:24.156349
3cf4ea0b25,MacDoctors,-VYe3DZ_LDVjwygAWzEC0g,Austin,TX,nailsalons,"2025 Guadalupe St, Austin, TX, 78705",+13107339066,https://www.yelp.com/biz/macdoctors-austin?adjust_creative=5d0WN3-0MJTogXUsavz_Qg&utm_campaign=yelp_api_v3&utm_medium=api_v3_business_search&utm_source=5d0WN3-0MJTogXUsavz_Qg,4.7,91,,False,no,30.283337397602963,-97.7413436,yelp_fusion,2026-05-08T22:32:24.156361
3e40b5bb16,Bill Sprauer Roofing,5rU6c2FGHNsXu7rbiWN-hw,Austin,TX,nailsalons,"11116 Middle Fiskville Rd, Austin, TX, 78753",+17377036290,https://www.yelp.com/biz/bill-sprauer-roofing-austin-3?adjust_creative=5d0WN3-0MJTogXUsavz_Qg&utm_campaign=yelp_api_v3&utm_medium=api_v3_business_search&utm_source=5d0WN3-0MJTogXUsavz_Qg,4.9,81,,False,no,30.375899,-97.678163,yelp_fusion,2026-05-08T22:32:24.156373
